"","pais","camara","porcentaje_mujeres","cuota_genero","edad_elegibilidad","integrante_mas_joven","numero_integrantes","iso_pais"
"1","Afghanistán","baja",NA,"Sí",25,NA,250,"afg"
"2","Afghanistán","alta",25,"No",35,35,68,"afg"
"3","Afghanistán","única",NA,NA,NA,NA,NA,"afg"
"4","Angola","baja",NA,NA,NA,NA,NA,"ago"
"5","Angola","alta",NA,NA,NA,NA,NA,"ago"
"6","Angola","única",30,"Sí",18,32,220,"ago"
"7","Albania","baja",NA,NA,NA,NA,NA,"alb"
"8","Albania","alta",NA,NA,NA,NA,NA,"alb"
"9","Albania","única",29.29,"Sí",18,30,140,"alb"
"10","Andorra","baja",NA,NA,NA,NA,NA,"and"
"11","Andorra","alta",NA,NA,NA,NA,NA,"and"
"12","Andorra","única",42.86,"No",18,25,28,"and"
"13","Emiratos Árabes Unidos","baja",NA,NA,NA,NA,NA,"are"
"14","Emiratos Árabes Unidos","alta",NA,NA,NA,NA,NA,"are"
"15","Emiratos Árabes Unidos","única",22.5,"No",25,37,40,"are"
"16","Argentina","baja",38.82,"Sí",25,28,255,"arg"
"17","Argentina","alta",41.67,"Sí",30,NA,72,"arg"
"18","Argentina","única",NA,NA,NA,NA,NA,"arg"
"19","Armenia","baja",NA,NA,NA,NA,NA,"arm"
"20","Armenia","alta",NA,NA,NA,NA,NA,"arm"
"21","Armenia","única",24.24,"Sí",25,30,132,"arm"
"22","Antigua y Barbuda","baja",11.11,"No",21,39,18,"atg"
"23","Antigua y Barbuda","alta",52.94,"No",21,33,17,"atg"
"24","Antigua y Barbuda","única",NA,NA,NA,NA,NA,"atg"
"25","Australia","baja",30,"Sí",18,23,150,"aus"
"26","Australia","alta",39.47,"Sí",18,30,76,"aus"
"27","Australia","única",NA,NA,NA,NA,NA,"aus"
"28","Austria","baja",37.16,"Sí",18,22,183,"aut"
"29","Austria","alta",36.07,"Sí",18,30,61,"aut"
"30","Austria","única",NA,NA,NA,NA,NA,"aut"
"31","Azerbaijan","baja",NA,NA,NA,NA,NA,"aze"
"32","Azerbaijan","alta",NA,NA,NA,NA,NA,"aze"
"33","Azerbaijan","única",16.81,"No",25,31,119,"aze"
"34","Burundi","baja",36.36,"Sí",25,29,121,"bdi"
"35","Burundi","alta",46.15,"Sí",35,35,39,"bdi"
"36","Burundi","única",NA,NA,NA,NA,NA,"bdi"
"37","Bélgica","baja",38,"Sí",18,26,150,"bel"
"38","Bélgica","alta",43.33,"No",18,26,60,"bel"
"39","Bélgica","única",NA,NA,NA,NA,NA,"bel"
"40","Benin","baja",NA,NA,NA,NA,NA,"ben"
"41","Benin","alta",NA,NA,NA,NA,NA,"ben"
"42","Benin","única",NA,"No",25,NA,83,"ben"
"43","Burkina Faso","baja",NA,NA,NA,NA,NA,"bfa"
"44","Burkina Faso","alta",NA,NA,NA,NA,NA,"bfa"
"45","Burkina Faso","única",13.39,"Sí",21,35,127,"bfa"
"46","Bangladesh","baja",NA,NA,NA,NA,NA,"bgd"
"47","Bangladesh","alta",NA,NA,NA,NA,NA,"bgd"
"48","Bangladesh","única",20.63,"No",25,29,349,"bgd"
"49","Bulgaria","baja",NA,NA,NA,NA,NA,"bgr"
"50","Bulgaria","alta",NA,NA,NA,NA,NA,"bgr"
"51","Bulgaria","única",25.83,"Sí",21,23,240,"bgr"
"52","Bahrain","baja",15,"No",30,NA,40,"bhr"
"53","Bahrain","alta",22.5,"No",35,NA,40,"bhr"
"54","Bahrain","única",NA,NA,NA,NA,NA,"bhr"
"55","Bahamas","baja",12.82,"No",21,22,39,"bhs"
"56","Bahamas","alta",43.75,"No",30,NA,16,"bhs"
"57","Bahamas","única",NA,NA,NA,NA,NA,"bhs"
"58","Bielorrusia","baja",34.55,"No",21,32,110,"blr"
"59","Bielorrusia","alta",30.36,"No",30,37,56,"blr"
"60","Bielorrusia","única",NA,NA,NA,NA,NA,"blr"
"61","Belize","baja",9.38,"No",18,NA,32,"blz"
"62","Belize","alta",15.38,"No",18,NA,13,"blz"
"63","Belize","única",NA,NA,NA,NA,NA,"blz"
"64","Brasil","baja",15.01,"Sí",21,22,513,"bra"
"65","Brasil","alta",14.81,"Sí",35,35,81,"bra"
"66","Brasil","única",NA,NA,NA,NA,NA,"bra"
"67","Barbados","baja",20,"No",21,NA,30,"brb"
"68","Barbados","alta",42.86,"No",21,NA,21,"brb"
"69","Barbados","única",NA,NA,NA,NA,NA,"brb"
"70","Brunei Darussalam","baja",NA,NA,NA,NA,NA,"brn"
"71","Brunei Darussalam","alta",NA,NA,NA,NA,NA,"brn"
"72","Brunei Darussalam","única",9.09,"No",21,29,33,"brn"
"73","Bhutan","baja",14.89,"No",25,27,47,"btn"
"74","Bhutan","alta",16,"No",25,26,25,"btn"
"75","Bhutan","única",NA,NA,NA,NA,NA,"btn"
"76","Botswana","baja",NA,NA,NA,NA,NA,"bwa"
"77","Botswana","alta",NA,NA,NA,NA,NA,"bwa"
"78","Botswana","única",9.52,"No",18,33,63,"bwa"
"79","Canadá","baja",26.95,"Sí",18,22,334,"can"
"80","Canadá","alta",46.67,"No",30,38,105,"can"
"81","Canadá","única",NA,NA,NA,NA,NA,"can"
"82","Suiza","baja",32.5,"Sí",18,26,200,"che"
"83","Suiza","alta",15.22,"Sí",NA,33,46,"che"
"84","Suiza","única",NA,NA,NA,NA,NA,"che"
"85","Chile","baja",22.58,"Sí",21,27,155,"chl"
"86","Chile","alta",23.26,"Sí",35,38,43,"chl"
"87","Chile","única",NA,NA,NA,NA,NA,"chl"
"88","China","baja",NA,NA,NA,NA,NA,"chn"
"89","China","alta",NA,NA,NA,NA,NA,"chn"
"90","China","única",24.94,"Sí",18,25,2975,"chn"
"91","Camerún","baja",31.11,"Sí",23,35,180,"cmr"
"92","Camerún","alta",26,"Sí",40,40,100,"cmr"
"93","Camerún","única",NA,NA,NA,NA,NA,"cmr"
"94","Congo","baja",11.26,"No",25,NA,151,"cog"
"95","Congo","alta",18.84,"No",45,NA,69,"cog"
"96","Congo","única",NA,NA,NA,NA,NA,"cog"
"97","Colombia","baja",18.71,"Sí",25,NA,171,"col"
"98","Colombia","alta",20.95,"Sí",30,NA,105,"col"
"99","Colombia","única",NA,NA,NA,NA,NA,"col"
"100","Comoros","baja",NA,NA,NA,NA,NA,"com"
"101","Comoros","alta",NA,NA,NA,NA,NA,"com"
"102","Comoros","única",6.06,"No",18,NA,33,"com"
"103","Costa Rica","baja",NA,NA,NA,NA,NA,"cri"
"104","Costa Rica","alta",NA,NA,NA,NA,NA,"cri"
"105","Costa Rica","única",45.61,"Sí",21,35,57,"cri"
"106","Cuba","baja",NA,NA,NA,NA,NA,"cub"
"107","Cuba","alta",NA,NA,NA,NA,NA,"cub"
"108","Cuba","única",53.22,"No",18,19,605,"cub"
"109","Chipre","baja",NA,NA,NA,NA,NA,"cyp"
"110","Chipre","alta",NA,NA,NA,NA,NA,"cyp"
"111","Chipre","única",17.86,"Sí",25,33,56,"cyp"
"112","Alemania","baja",30.89,"Sí",18,24,709,"deu"
"113","Alemania","alta",39.13,"No",18,NA,69,"deu"
"114","Alemania","única",NA,NA,NA,NA,NA,"deu"
"115","Djibouti","baja",NA,NA,NA,NA,NA,"dji"
"116","Djibouti","alta",NA,NA,NA,NA,NA,"dji"
"117","Djibouti","única",26.15,"Sí",23,27,65,"dji"
"118","Dominica","baja",NA,NA,NA,NA,NA,"dma"
"119","Dominica","alta",NA,NA,NA,NA,NA,"dma"
"120","Dominica","única",25,"No",21,NA,32,"dma"
"121","Dinamarca","baja",NA,NA,NA,NA,NA,"dnk"
"122","Dinamarca","alta",NA,NA,NA,NA,NA,"dnk"
"123","Dinamarca","única",37.43,"No",18,22,179,"dnk"
"124","Algeria","baja",25.76,"Sí",25,NA,462,"dza"
"125","Algeria","alta",6.82,"Sí",35,38,132,"dza"
"126","Algeria","única",NA,NA,NA,NA,NA,"dza"
"127","Ecuador","baja",NA,NA,NA,NA,NA,"ecu"
"128","Ecuador","alta",NA,NA,NA,NA,NA,"ecu"
"129","Ecuador","única",37.96,"Sí",18,NA,137,"ecu"
"130","Egipto","baja",NA,NA,NA,NA,NA,"egy"
"131","Egipto","alta",NA,NA,NA,NA,NA,"egy"
"132","Egipto","única",14.93,"Sí",25,25,596,"egy"
"133","Eritrea","baja",NA,NA,NA,NA,NA,"eri"
"134","Eritrea","alta",NA,NA,NA,NA,NA,"eri"
"135","Eritrea","única",22,"Sí",NA,NA,150,"eri"
"136","España","baja",NA,"Sí",18,NA,350,"esp"
"137","España","alta",NA,"Sí",18,NA,266,"esp"
"138","España","única",NA,NA,NA,NA,NA,"esp"
"139","Estonia","baja",NA,NA,NA,NA,NA,"est"
"140","Estonia","alta",NA,NA,NA,NA,NA,"est"
"141","Estonia","única",29.7,"No",21,28,101,"est"
"142","Etiopía","baja",38.76,"Sí",18,21,547,"eth"
"143","Etiopía","alta",32.03,"Sí",21,NA,153,"eth"
"144","Etiopía","única",NA,NA,NA,NA,NA,"eth"
"145","Finlandia","baja",NA,NA,NA,NA,NA,"fin"
"146","Finlandia","alta",NA,NA,NA,NA,NA,"fin"
"147","Finlandia","única",47,"No",18,24,200,"fin"
"148","Fiji","baja",NA,NA,NA,NA,NA,"fji"
"149","Fiji","alta",NA,NA,NA,NA,NA,"fji"
"150","Fiji","única",19.61,"No",18,30,51,"fji"
"151","Francia","baja",39.69,"Sí",18,23,577,"fra"
"152","Francia","alta",32.18,"Sí",24,38,348,"fra"
"153","Francia","única",NA,NA,NA,NA,NA,"fra"
"154","Gabon","baja",17.91,"No",21,NA,134,"gab"
"155","Gabon","alta",18,"No",40,NA,100,"gab"
"156","Gabon","única",NA,NA,NA,NA,NA,"gab"
"157","Reino Unido","baja",32,"Sí",18,23,650,"gbr"
"158","Reino Unido","alta",26.36,"No",21,41,789,"gbr"
"159","Reino Unido","única",NA,NA,NA,NA,NA,"gbr"
"160","Georgia","baja",NA,NA,NA,NA,NA,"geo"
"161","Georgia","alta",NA,NA,NA,NA,NA,"geo"
"162","Georgia","única",14.77,"Sí",21,23,149,"geo"
"163","Ghana","baja",NA,NA,NA,NA,NA,"gha"
"164","Ghana","alta",NA,NA,NA,NA,NA,"gha"
"165","Ghana","única",13.09,"No",21,29,275,"gha"
"166","Guinea","baja",NA,NA,NA,NA,NA,"gin"
"167","Guinea","alta",NA,NA,NA,NA,NA,"gin"
"168","Guinea","única",22.81,"Sí",18,19,114,"gin"
"169","Guinea-Bissau","baja",NA,NA,NA,NA,NA,"gnb"
"170","Guinea-Bissau","alta",NA,NA,NA,NA,NA,"gnb"
"171","Guinea-Bissau","única",13.73,"No",18,NA,102,"gnb"
"172","Guinea Ecuatorial","baja",21,"No",25,NA,100,"gnq"
"173","Guinea Ecuatorial","alta",16.67,"No",25,NA,72,"gnq"
"174","Guinea Ecuatorial","única",NA,NA,NA,NA,NA,"gnq"
"175","Greece","baja",NA,NA,NA,NA,NA,"grc"
"176","Greece","alta",NA,NA,NA,NA,NA,"grc"
"177","Greece","única",18.67,"Sí",25,30,300,"grc"
"178","Granada","baja",46.67,"No",18,41,15,"grd"
"179","Granada","alta",30.77,"No",18,42,13,"grd"
"180","Granada","única",NA,NA,NA,NA,NA,"grd"
"181","Guatemala","baja",NA,NA,NA,NA,NA,"gtm"
"182","Guatemala","alta",NA,NA,NA,NA,NA,"gtm"
"183","Guatemala","única",18.99,"Sí",18,19,158,"gtm"
"184","Guyana","baja",NA,NA,NA,NA,NA,"guy"
"185","Guyana","alta",NA,NA,NA,NA,NA,"guy"
"186","Guyana","única",31.88,"No",18,35,69,"guy"
"187","Honduras","baja",NA,NA,NA,NA,NA,"hnd"
"188","Honduras","alta",NA,NA,NA,NA,NA,"hnd"
"189","Honduras","única",21.09,"Sí",21,NA,128,"hnd"
"190","Croacia","baja",NA,NA,NA,NA,NA,"hrv"
"191","Croacia","alta",NA,NA,NA,NA,NA,"hrv"
"192","Croacia","única",20.53,"No",18,29,151,"hrv"
"193","Haití","baja",2.54,"Sí",25,30,118,"hti"
"194","Haití","alta",3.57,"Sí",30,41,28,"hti"
"195","Haití","única",NA,NA,NA,NA,NA,"hti"
"196","Hungría","baja",NA,NA,NA,NA,NA,"hun"
"197","Hungría","alta",NA,NA,NA,NA,NA,"hun"
"198","Hungría","única",12.56,"Sí",18,27,199,"hun"
"199","Indonesia","baja",NA,NA,NA,NA,NA,"idn"
"200","Indonesia","alta",NA,NA,NA,NA,NA,"idn"
"201","Indonesia","única",NA,"Sí",21,26,575,"idn"
"202","India","baja",NA,"No",25,NA,545,"ind"
"203","India","alta",11.48,"No",30,35,244,"ind"
"204","India","única",NA,NA,NA,NA,NA,"ind"
"205","Irlanda","baja",22.15,"Sí",21,25,158,"irl"
"206","Irlanda","alta",30,"No",21,23,60,"irl"
"207","Irlanda","única",NA,NA,NA,NA,NA,"irl"
"208","Irak","baja",NA,NA,NA,NA,NA,"irq"
"209","Irak","alta",NA,NA,NA,NA,NA,"irq"
"210","Irak","única",25.23,"Sí",30,31,329,"irq"
"211","Islandia","baja",NA,NA,NA,NA,NA,"isl"
"212","Islandia","alta",NA,NA,NA,NA,NA,"isl"
"213","Islandia","única",38.1,"Sí",18,22,63,"isl"
"214","Israel","baja",NA,NA,NA,NA,NA,"isr"
"215","Israel","alta",NA,NA,NA,NA,NA,"isr"
"216","Israel","única",24.17,"Sí",21,30,120,"isr"
"217","Italia","baja",35.71,"Sí",25,25,630,"ita"
"218","Italia","alta",34.38,"Sí",40,40,320,"ita"
"219","Italia","única",NA,NA,NA,NA,NA,"ita"
"220","Jamaica","baja",17.46,"No",21,28,63,"jam"
"221","Jamaica","alta",23.81,"No",21,35,21,"jam"
"222","Jamaica","única",NA,NA,NA,NA,NA,"jam"
"223","Jordania","baja",15.38,"No",30,30,130,"jor"
"224","Jordania","alta",15.38,"No",40,43,65,"jor"
"225","Jordania","única",NA,NA,NA,NA,NA,"jor"
"226","Japón","baja",10.15,"No",25,31,463,"jpn"
"227","Japón","alta",20.75,"No",30,30,241,"jpn"
"228","Japón","única",NA,NA,NA,NA,NA,"jpn"
"229","Kazakhstan","baja",27.1,"No",25,35,107,"kaz"
"230","Kazakhstan","alta",10.64,"No",30,NA,47,"kaz"
"231","Kazakhstan","única",NA,NA,NA,NA,NA,"kaz"
"232","Kenia","baja",21.78,"Sí",18,24,349,"ken"
"233","Kenia","alta",30.88,"Sí",18,25,68,"ken"
"234","Kenia","única",NA,NA,NA,NA,NA,"ken"
"235","Kyrgyzstan","baja",NA,NA,NA,NA,NA,"kgz"
"236","Kyrgyzstan","alta",NA,NA,NA,NA,NA,"kgz"
"237","Kyrgyzstan","única",19.17,"No",21,28,120,"kgz"
"238","Cambodia","baja",20,"No",25,34,125,"khm"
"239","Cambodia","alta",17.74,"No",40,40,62,"khm"
"240","Cambodia","única",NA,NA,NA,NA,NA,"khm"
"241","Kiribati","baja",NA,NA,NA,NA,NA,"kir"
"242","Kiribati","alta",NA,NA,NA,NA,NA,"kir"
"243","Kiribati","única",6.52,"No",21,27,46,"kir"
"244","San Kitts y Nevis","baja",NA,NA,NA,NA,NA,"kna"
"245","San Kitts y Nevis","alta",NA,NA,NA,NA,NA,"kna"
"246","San Kitts y Nevis","única",13.33,"No",21,NA,15,"kna"
"247","Kuwait","baja",NA,NA,NA,NA,NA,"kwt"
"248","Kuwait","alta",NA,NA,NA,NA,NA,"kwt"
"249","Kuwait","única",4.62,"No",30,30,65,"kwt"
"250","Líbano","baja",NA,NA,NA,NA,NA,"lbn"
"251","Líbano","alta",NA,NA,NA,NA,NA,"lbn"
"252","Líbano","única",3.94,"No",25,30,127,"lbn"
"253","Liberia","baja",12.33,"No",25,NA,73,"lbr"
"254","Liberia","alta",10,"No",30,NA,30,"lbr"
"255","Liberia","única",NA,NA,NA,NA,NA,"lbr"
"256","Libya","baja",NA,NA,NA,NA,NA,"lby"
"257","Libya","alta",NA,NA,NA,NA,NA,"lby"
"258","Libya","única",15.96,"Sí",18,30,188,"lby"
"259","Santa Lucía","baja",16.67,"No",21,NA,18,"lca"
"260","Santa Lucía","alta",27.27,"No",30,NA,11,"lca"
"261","Santa Lucía","única",NA,NA,NA,NA,NA,"lca"
"262","Sri Lanka","baja",NA,NA,NA,NA,NA,"lka"
"263","Sri Lanka","alta",NA,NA,NA,NA,NA,"lka"
"264","Sri Lanka","única",5.33,"No",18,29,225,"lka"
"265","Lesotho","baja",23.33,"Sí",18,37,120,"lso"
"266","Lesotho","alta",21.88,NA,NA,NA,32,"lso"
"267","Lesotho","única",NA,NA,NA,NA,NA,"lso"
"268","Lituania","baja",NA,NA,NA,NA,NA,"ltu"
"269","Lituania","alta",NA,NA,NA,NA,NA,"ltu"
"270","Lituania","única",21.28,"Sí",25,25,141,"ltu"
"271","Luxemburgo","baja",NA,NA,NA,NA,NA,"lux"
"272","Luxemburgo","alta",NA,NA,NA,NA,NA,"lux"
"273","Luxemburgo","única",25,"Sí",18,26,60,"lux"
"274","Latvia","baja",NA,NA,NA,NA,NA,"lva"
"275","Latvia","alta",NA,NA,NA,NA,NA,"lva"
"276","Latvia","única",30,"No",21,26,100,"lva"
"277","Marruecos","baja",20.51,"Sí",18,24,395,"mar"
"278","Marruecos","alta",11.67,NA,NA,31,120,"mar"
"279","Marruecos","única",NA,NA,NA,NA,NA,"mar"
"280","Madagascar","baja",19.21,"No",21,28,151,"mdg"
"281","Madagascar","alta",20.63,"No",35,43,63,"mdg"
"282","Madagascar","única",NA,NA,NA,NA,NA,"mdg"
"283","Maldivas","baja",NA,NA,NA,NA,NA,"mdv"
"284","Maldivas","alta",NA,NA,NA,NA,NA,"mdv"
"285","Maldivas","única",4.6,"No",18,NA,87,"mdv"
"286","México","baja",48.2,"Sí",21,22,500,"mex"
"287","México","alta",49.22,"Sí",25,26,128,"mex"
"288","México","única",NA,NA,NA,NA,NA,"mex"
"289","Mali","baja",NA,NA,NA,NA,NA,"mli"
"290","Mali","alta",NA,NA,NA,NA,NA,"mli"
"291","Mali","única",8.84,"Sí",21,32,147,"mli"
"292","Malta","baja",NA,NA,NA,NA,NA,"mlt"
"293","Malta","alta",NA,NA,NA,NA,NA,"mlt"
"294","Malta","única",11.94,"Sí",18,27,67,"mlt"
"295","Myanmar","baja",11.32,"No",25,28,433,"mmr"
"296","Myanmar","alta",12.05,"No",25,36,224,"mmr"
"297","Myanmar","única",NA,NA,NA,NA,NA,"mmr"
"298","Montenegro","baja",NA,NA,NA,NA,NA,"mne"
"299","Montenegro","alta",NA,NA,NA,NA,NA,"mne"
"300","Montenegro","única",23.46,"Sí",18,28,81,"mne"
"301","Mongolia","baja",NA,NA,NA,NA,NA,"mng"
"302","Mongolia","alta",NA,NA,NA,NA,NA,"mng"
"303","Mongolia","única",17.11,"Sí",25,34,76,"mng"
"304","Mozambique","baja",NA,NA,NA,NA,NA,"moz"
"305","Mozambique","alta",NA,NA,NA,NA,NA,"moz"
"306","Mozambique","única",39.6,"No",18,NA,250,"moz"
"307","Mauritania","baja",NA,NA,NA,NA,NA,"mrt"
"308","Mauritania","alta",NA,NA,NA,NA,NA,"mrt"
"309","Mauritania","única",20.26,"Sí",25,NA,153,"mrt"
"310","Mauritius","baja",NA,NA,NA,NA,NA,"mus"
"311","Mauritius","alta",NA,NA,NA,NA,NA,"mus"
"312","Mauritius","única",11.59,"No",18,37,69,"mus"
"313","Malawi","baja",NA,NA,NA,NA,NA,"mwi"
"314","Malawi","alta",NA,NA,NA,NA,NA,"mwi"
"315","Malawi","única",16.67,"Sí",21,25,192,"mwi"
"316","Malasia","baja",14.41,"Sí",21,31,222,"mys"
"317","Malasia","alta",19.12,"No",30,39,68,"mys"
"318","Malasia","única",NA,NA,NA,NA,NA,"mys"
"319","Bolivia","baja",53.08,"Sí",18,23,130,"bol"
"320","Bolivia","alta",47.22,"Sí",18,33,36,"bol"
"321","Bolivia","única",NA,NA,NA,NA,NA,"bol"
"322","Bosnia y Herzegovina","baja",21.43,"Sí",18,32,42,"bih"
"323","Bosnia y Herzegovina","alta",20,"No",18,NA,15,"bih"
"324","Bosnia y Herzegovina","única",NA,NA,NA,NA,NA,"bih"
"325","Cabo Verde","baja",NA,NA,NA,NA,NA,"cpv"
"326","Cabo Verde","alta",NA,NA,NA,NA,NA,"cpv"
"327","Cabo Verde","única",23.61,"No",18,35,72,"cpv"
"328","Corea del Norte","baja",NA,NA,NA,NA,NA,"prk"
"329","Corea del Norte","alta",NA,NA,NA,NA,NA,"prk"
"330","Corea del Norte","única",17.61,NA,17,25,687,"prk"
"331","Corea del Sur","baja",NA,NA,NA,NA,NA,"kor"
"332","Corea del Sur","alta",NA,NA,NA,NA,NA,"kor"
"333","Corea del Sur","única",17.11,"Sí",25,32,298,"kor"
"334","Côte d'Ivoire","baja",10.98,"No",25,32,255,"civ"
"335","Côte d'Ivoire","alta",19.19,NA,NA,NA,99,"civ"
"336","Côte d'Ivoire","única",NA,NA,NA,NA,NA,"civ"
"337","Estados Unidos","baja",23.61,"No",25,NA,432,"usa"
"338","Estados Unidos","alta",25,"No",30,NA,100,"usa"
"339","Estados Unidos","única",NA,NA,NA,NA,NA,"usa"
"340","Eswatini","baja",7.25,"Sí",18,34,69,NA
"341","Eswatini","alta",23.33,"Sí",18,39,30,NA
"342","Eswatini","única",NA,NA,NA,NA,NA,NA
"343","Gambia","baja",NA,NA,NA,NA,NA,"gmb"
"344","Gambia","alta",NA,NA,NA,NA,NA,"gmb"
"345","Gambia","única",10.34,"No",21,25,58,"gmb"
"346","Irán","baja",NA,NA,NA,NA,NA,"irn"
"347","Irán","alta",NA,NA,NA,NA,NA,"irn"
"348","Irán","única",5.88,"No",30,33,289,"irn"
"349","Islas Marshall","baja",NA,NA,NA,NA,NA,"mhl"
"350","Islas Marshall","alta",NA,NA,NA,NA,NA,"mhl"
"351","Islas Marshall","única",9.09,"No",21,NA,33,"mhl"
"352","Islas Salomón","baja",NA,NA,NA,NA,NA,"slb"
"353","Islas Salomón","alta",NA,NA,NA,NA,NA,"slb"
"354","Islas Salomón","única",4,"No",21,30,50,"slb"
"355","Lao","baja",NA,NA,NA,NA,NA,"lao"
"356","Lao","alta",NA,NA,NA,NA,NA,"lao"
"357","Lao","única",27.52,"No",21,NA,149,"lao"
"358","Liechtenstein","baja",NA,NA,NA,NA,NA,"lie"
"359","Liechtenstein","alta",NA,NA,NA,NA,NA,"lie"
"360","Liechtenstein","única",12,"No",18,35,25,"lie"
"361","Macedonia del Norte","baja",NA,NA,NA,NA,NA,"mkd"
"362","Macedonia del Norte","alta",NA,NA,NA,NA,NA,"mkd"
"363","Macedonia del Norte","única",38.33,"Sí",18,28,120,"mkd"
"364","Micronesia","baja",NA,NA,NA,NA,NA,"fsm"
"365","Micronesia","alta",NA,NA,NA,NA,NA,"fsm"
"366","Micronesia","única",0,"No",30,49,14,"fsm"
"367","Moldavia","baja",NA,NA,NA,NA,NA,"mda"
"368","Moldavia","alta",NA,NA,NA,NA,NA,"mda"
"369","Moldavia","única",25.74,"Sí",18,24,101,"mda"
"370","Mónaco","baja",NA,NA,NA,NA,NA,"mco"
"371","Mónaco","alta",NA,NA,NA,NA,NA,"mco"
"372","Mónaco","única",33.33,"No",25,44,24,"mco"
"373","República Central Africana","baja",NA,NA,NA,NA,NA,"caf"
"374","República Central Africana","alta",NA,NA,NA,NA,NA,"caf"
"375","República Central Africana","única",8.57,NA,NA,NA,140,"caf"
"376","República Checa","baja",22.5,"Sí",21,21,200,"cze"
"377","República Checa","alta",16.05,"Sí",40,40,81,"cze"
"378","República Checa","única",NA,NA,NA,NA,NA,"cze"
"379","República Democrática del Congo","baja",10,"No",25,25,500,"cog"
"380","República Democrática del Congo","alta",19,"No",30,30,100,"cog"
"381","República Democrática del Congo","única",NA,NA,NA,NA,NA,"cog"
"382","República Dominicana","baja",26.84,"Sí",25,32,190,"dom"
"383","República Dominicana","alta",9.38,"No",25,NA,32,"dom"
"384","República Dominicana","única",NA,NA,NA,NA,NA,"dom"
"385","Siria","baja",NA,NA,NA,NA,NA,"syr"
"386","Siria","alta",NA,NA,NA,NA,NA,"syr"
"387","Siria","única",13.2,"No",NA,NA,250,"syr"
"388","South Sudan","baja",28.46,"Sí",21,NA,383,"sdn"
"389","South Sudan","alta",12,"Sí",21,NA,50,"sdn"
"390","South Sudan","única",NA,NA,NA,NA,NA,"sdn"
"391","Tanzania","baja",NA,NA,NA,NA,NA,"tza"
"392","Tanzania","alta",NA,NA,NA,NA,NA,"tza"
"393","Tanzania","única",36.9,"Sí",21,NA,393,"tza"
"394","Venezuela","baja",NA,NA,NA,NA,NA,"ven"
"395","Venezuela","alta",NA,NA,NA,NA,NA,"ven"
"396","Venezuela","única",22.16,"Sí",21,23,167,"ven"
"397","Namibia","baja",46.15,"No",21,33,104,"nam"
"398","Namibia","alta",23.81,"No",21,40,42,"nam"
"399","Namibia","única",NA,NA,NA,NA,NA,"nam"
"400","Nigeria","baja",NA,NA,NA,NA,NA,"ner"
"401","Nigeria","alta",NA,NA,NA,NA,NA,"ner"
"402","Nigeria","única",16.96,"Sí",21,24,171,"ner"
"403","Nigeria","baja",NA,"No",30,NA,360,"nga"
"404","Nigeria","alta",NA,"No",35,NA,109,"nga"
"405","Nigeria","única",NA,NA,NA,NA,NA,"nga"
"406","Nicaragua","baja",NA,NA,NA,NA,NA,"nic"
"407","Nicaragua","alta",NA,NA,NA,NA,NA,"nic"
"408","Nicaragua","única",44.57,"Sí",21,29,92,"nic"
"409","Países Bajos","baja",31.33,"Sí",18,25,150,"nld"
"410","Países Bajos","alta",36,"No",18,30,75,"nld"
"411","Países Bajos","única",NA,NA,NA,NA,NA,"nld"
"412","Noruega","baja",NA,NA,NA,NA,NA,"nor"
"413","Noruega","alta",NA,NA,NA,NA,NA,"nor"
"414","Noruega","única",40.83,"Sí",18,23,169,"nor"
"415","Nepal","baja",32.73,"Sí",25,29,275,"npl"
"416","Nepal","alta",37.29,"Sí",35,NA,59,"npl"
"417","Nepal","única",NA,NA,NA,NA,NA,"npl"
"418","Nauru","baja",NA,NA,NA,NA,NA,"nru"
"419","Nauru","alta",NA,NA,NA,NA,NA,"nru"
"420","Nauru","única",10.53,"No",20,31,19,"nru"
"421","Nueva Zelanda","baja",NA,NA,NA,NA,NA,"nzl"
"422","Nueva Zelanda","alta",NA,NA,NA,NA,NA,"nzl"
"423","Nueva Zelanda","única",40,"No",18,27,120,"nzl"
"424","Oman","baja",1.18,"No",30,33,85,"omn"
"425","Oman","alta",16.47,"No",40,41,85,"omn"
"426","Oman","única",NA,NA,NA,NA,NA,"omn"
"427","Pakistan","baja",20.23,"No",25,25,341,"pak"
"428","Pakistan","alta",19.23,"No",30,31,104,"pak"
"429","Pakistan","única",NA,NA,NA,NA,NA,"pak"
"430","Panamá","baja",NA,NA,NA,NA,NA,"pan"
"431","Panamá","alta",NA,NA,NA,NA,NA,"pan"
"432","Panamá","única",NA,"Sí",21,NA,71,"pan"
"433","Perú","baja",NA,NA,NA,NA,NA,"per"
"434","Perú","alta",NA,NA,NA,NA,NA,"per"
"435","Perú","única",30,"Sí",25,27,130,"per"
"436","Filipinas","baja",29.45,"No",25,27,292,"phl"
"437","Filipinas","alta",25,"No",35,NA,24,"phl"
"438","Filipinas","única",NA,NA,NA,NA,NA,"phl"
"439","Palau","baja",12.5,"No",25,36,16,"plw"
"440","Palau","alta",15.38,NA,NA,NA,13,"plw"
"441","Palau","única",NA,NA,NA,NA,NA,"plw"
"442","Papúa Nueva Guinea","baja",NA,NA,NA,NA,NA,"png"
"443","Papúa Nueva Guinea","alta",NA,NA,NA,NA,NA,"png"
"444","Papúa Nueva Guinea","única",0,"No",25,26,106,"png"
"445","Polonia","baja",29.13,"Sí",21,22,460,"pol"
"446","Polonia","alta",14,"Sí",30,34,100,"pol"
"447","Polonia","única",NA,NA,NA,NA,NA,"pol"
"448","Portugal","baja",NA,NA,NA,NA,NA,"prt"
"449","Portugal","alta",NA,NA,NA,NA,NA,"prt"
"450","Portugal","única",35.65,"Sí",18,25,230,"prt"
"451","Paraguay","baja",15,"Sí",25,28,80,"pry"
"452","Paraguay","alta",20,NA,35,NA,45,"pry"
"453","Paraguay","única",NA,NA,NA,NA,NA,"pry"
"454","Qatar","baja",NA,NA,NA,NA,NA,"qat"
"455","Qatar","alta",NA,NA,NA,NA,NA,"qat"
"456","Qatar","única",9.76,"No",30,43,41,"qat"
"457","Rumania","baja",20.67,"Sí",23,25,329,"rom"
"458","Rumania","alta",13.97,"Sí",33,35,136,"rom"
"459","Rumania","única",NA,NA,NA,NA,NA,"rom"
"460","Rusia","baja",15.78,"No",21,21,450,"rus"
"461","Rusia","alta",18.24,"No",30,31,170,"rus"
"462","Rusia","única",NA,NA,NA,NA,NA,"rus"
"463","Ruanda","baja",61.25,"Sí",21,23,80,"rwa"
"464","Ruanda","alta",38.46,"Sí",40,NA,26,"rwa"
"465","Ruanda","única",NA,NA,NA,NA,NA,"rwa"
"466","Arabia Saudita","baja",NA,NA,NA,NA,NA,"sau"
"467","Arabia Saudita","alta",NA,NA,NA,NA,NA,"sau"
"468","Arabia Saudita","única",19.87,"Sí",30,NA,151,"sau"
"469","Senegal","baja",NA,NA,NA,NA,NA,"sen"
"470","Senegal","alta",NA,NA,NA,NA,NA,"sen"
"471","Senegal","única",41.82,"Sí",25,32,165,"sen"
"472","Singapur","baja",NA,NA,NA,NA,NA,"sgp"
"473","Singapur","alta",NA,NA,NA,NA,NA,"sgp"
"474","Singapur","única",23,"No",21,29,100,"sgp"
"475","Sierra Leona","baja",NA,NA,NA,NA,NA,"sle"
"476","Sierra Leona","alta",NA,NA,NA,NA,NA,"sle"
"477","Sierra Leona","única",12.33,"Sí",18,29,146,"sle"
"478","El Salvador","baja",NA,NA,NA,NA,NA,"slv"
"479","El Salvador","alta",NA,NA,NA,NA,NA,"slv"
"480","El Salvador","única",30.95,"Sí",25,32,84,"slv"
"481","San Marino","baja",NA,NA,NA,NA,NA,"smr"
"482","San Marino","alta",NA,NA,NA,NA,NA,"smr"
"483","San Marino","única",25,"Sí",21,21,60,"smr"
"484","Somalía","baja",24.36,"No",25,25,275,"som"
"485","Somalía","alta",24.07,NA,NA,NA,54,"som"
"486","Somalía","única",NA,NA,NA,NA,NA,"som"
"487","Serbia","baja",NA,NA,NA,NA,NA,"srb"
"488","Serbia","alta",NA,NA,NA,NA,NA,"srb"
"489","Serbia","única",37.65,"Sí",18,26,247,"srb"
"490","Santo Tomé y Príncipe","baja",NA,NA,NA,NA,NA,"stp"
"491","Santo Tomé y Príncipe","alta",NA,NA,NA,NA,NA,"stp"
"492","Santo Tomé y Príncipe","única",14.55,"Sí",18,27,55,"stp"
"493","Surinam","baja",NA,NA,NA,NA,NA,"sur"
"494","Surinam","alta",NA,NA,NA,NA,NA,"sur"
"495","Surinam","única",29.41,"No",21,31,51,"sur"
"496","Eslovaquia","baja",NA,NA,NA,NA,NA,"svk"
"497","Eslovaquia","alta",NA,NA,NA,NA,NA,"svk"
"498","Eslovaquia","única",20,"Sí",21,28,150,"svk"
"499","Eslovenia","baja",24.44,"Sí",18,28,90,"svn"
"500","Eslovenia","alta",10,"No",18,38,40,"svn"
"501","Eslovenia","única",NA,NA,NA,NA,NA,"svn"
"502","Suecia","baja",NA,NA,NA,NA,NA,"swe"
"503","Suecia","alta",NA,NA,NA,NA,NA,"swe"
"504","Suecia","única",47.28,"Sí",18,22,349,"swe"
"505","Seychelles","baja",NA,NA,NA,NA,NA,"syc"
"506","Seychelles","alta",NA,NA,NA,NA,NA,"syc"
"507","Seychelles","única",21.21,"No",18,35,33,"syc"
"508","Chad","baja",NA,NA,NA,NA,NA,"tcd"
"509","Chad","alta",NA,NA,NA,NA,NA,"tcd"
"510","Chad","única",14.88,"No",25,28,168,"tcd"
"511","Togo","baja",NA,NA,NA,NA,NA,"tgo"
"512","Togo","alta",NA,NA,NA,NA,NA,"tgo"
"513","Togo","única",16.48,"Sí",25,28,91,"tgo"
"514","Tailandia","baja",NA,NA,NA,NA,NA,"tha"
"515","Tailandia","alta",NA,NA,NA,NA,NA,"tha"
"516","Tailandia","única",5.42,"Sí",25,51,240,"tha"
"517","Tajikistan","baja",19.05,"No",25,32,63,"tjk"
"518","Tajikistan","alta",21.88,"No",35,NA,32,"tjk"
"519","Tajikistan","única",NA,NA,NA,NA,NA,"tjk"
"520","Turkmenistan","baja",NA,NA,NA,NA,NA,"tkm"
"521","Turkmenistan","alta",NA,NA,NA,NA,NA,"tkm"
"522","Turkmenistan","única",25,"No",25,NA,124,"tkm"
"523","Timor-Leste","baja",NA,NA,NA,NA,NA,"tmp"
"524","Timor-Leste","alta",NA,NA,NA,NA,NA,"tmp"
"525","Timor-Leste","única",38.46,"Sí",17,41,65,"tmp"
"526","Tonga","baja",NA,NA,NA,NA,NA,"ton"
"527","Tonga","alta",NA,NA,NA,NA,NA,"ton"
"528","Tonga","única",7.41,"No",21,29,27,"ton"
"529","Trinidad y Tobago","baja",30.95,"No",18,29,42,"tto"
"530","Trinidad y Tobago","alta",35.48,"No",25,31,31,"tto"
"531","Trinidad y Tobago","única",NA,NA,NA,NA,NA,"tto"
"532","Túnez","baja",NA,NA,NA,NA,NA,"tun"
"533","Túnez","alta",NA,NA,NA,NA,NA,"tun"
"534","Túnez","única",35.94,"Sí",23,26,217,"tun"
"535","Turquía","baja",NA,NA,NA,NA,NA,"tur"
"536","Turquía","alta",NA,NA,NA,NA,NA,"tur"
"537","Turquía","única",17.45,"Sí",25,29,596,"tur"
"538","Tuvalu","baja",NA,NA,NA,NA,NA,"tuv"
"539","Tuvalu","alta",NA,NA,NA,NA,NA,"tuv"
"540","Tuvalu","única",6.67,"No",21,49,15,"tuv"
"541","Uganda","baja",NA,NA,NA,NA,NA,"uga"
"542","Uganda","alta",NA,NA,NA,NA,NA,"uga"
"543","Uganda","única",34.86,"Sí",18,20,459,"uga"
"544","Ucrania","baja",NA,NA,NA,NA,NA,"ukr"
"545","Ucrania","alta",NA,NA,NA,NA,NA,"ukr"
"546","Ucrania","única",11.58,"No",21,26,423,"ukr"
"547","Uruguay","baja",22.22,"Sí",25,30,99,"ury"
"548","Uruguay","alta",25.81,"Sí",30,44,31,"ury"
"549","Uruguay","única",NA,NA,NA,NA,NA,"ury"
"550","Uzbekistan","baja",16,"Sí",25,NA,150,"uzb"
"551","Uzbekistan","alta",17,"Sí",25,38,100,"uzb"
"552","Uzbekistan","única",NA,NA,NA,NA,NA,"uzb"
"553","San Vicente y las Granadinas","baja",NA,NA,NA,NA,NA,"vct"
"554","San Vicente y las Granadinas","alta",NA,NA,NA,NA,NA,"vct"
"555","San Vicente y las Granadinas","única",13.04,"No",21,28,23,"vct"
"556","Viet Nam","baja",NA,NA,NA,NA,NA,"vnm"
"557","Viet Nam","alta",NA,NA,NA,NA,NA,"vnm"
"558","Viet Nam","única",26.72,"No",21,25,494,"vnm"
"559","Vanuatu","baja",NA,NA,NA,NA,NA,"vut"
"560","Vanuatu","alta",NA,NA,NA,NA,NA,"vut"
"561","Vanuatu","única",0,"No",25,NA,52,"vut"
"562","Samoa","baja",NA,NA,NA,NA,NA,"wsm"
"563","Samoa","alta",NA,NA,NA,NA,NA,"wsm"
"564","Samoa","única",10,"Sí",21,NA,50,"wsm"
"565","Yemen","baja",0.33,"No",25,30,301,"yem"
"566","Yemen","alta",2.7,"No",NA,NA,111,"yem"
"567","Yemen","única",NA,NA,NA,NA,NA,"yem"
"568","Sudáfrica","baja",44.16,"No",18,24,385,"zaf"
"569","Sudáfrica","alta",35.19,"No",NA,28,54,"zaf"
"570","Sudáfrica","única",NA,NA,NA,NA,NA,"zaf"
"571","Zambia","baja",NA,NA,NA,NA,NA,"zmb"
"572","Zambia","alta",NA,NA,NA,NA,NA,"zmb"
"573","Zambia","única",17.96,"No",21,28,167,"zmb"
"574","Zimbabwe","baja",31.85,"No",21,25,270,"zwe"
"575","Zimbabwe","alta",43.75,"No",40,36,80,"zwe"
"576","Zimbabwe","única",NA,NA,NA,NA,NA,"zwe"
